{"cameraMode":{"drawMode":0,"name":"Shaded","section":"Shading Mode"},"sceneLighting":false,"audioPlay":false,"sceneViewState":{"showFog":true,"showMaterialUpdate":false,"showSkybox":true,"showFlares":true,"showImageEffects":true,"showParticleSystems":true},"in2DMode":false,"pivot":{"x":173.42831420898438,"y":576.7044067382813,"z":32.42475891113281},"rotation":{"x":0.011686635203659535,"y":-0.024898961186408998,"z":-0.00029131167684681714,"w":-0.9996216297149658},"size":1235.560302734375,"orthographic":false}