{"cameraMode":{"drawMode":0,"name":"Shaded","section":"Shading Mode"},"sceneLighting":false,"audioPlay":false,"sceneViewState":{"showFog":true,"showMaterialUpdate":false,"showSkybox":true,"showFlares":true,"showImageEffects":true,"showParticleSystems":true},"in2DMode":false,"pivot":{"x":270.2504577636719,"y":642.2821044921875,"z":-103.58150482177735},"rotation":{"x":-0.034467268735170367,"y":-0.13837315142154694,"z":0.004818430636078119,"w":-0.9897685647010803},"size":729.9078979492188,"orthographic":false}