{"cameraMode":{"drawMode":0,"name":"Shaded","section":"Shading Mode"},"sceneLighting":false,"audioPlay":false,"sceneViewState":{"showFog":true,"showMaterialUpdate":false,"showSkybox":true,"showFlares":true,"showImageEffects":true,"showParticleSystems":true},"in2DMode":false,"pivot":{"x":545.415771484375,"y":240.71665954589845,"z":-275.27728271484377},"rotation":{"x":-0.034467268735170367,"y":-0.13837315142154694,"z":0.004818430636078119,"w":-0.9897685647010803},"size":1392.7213134765625,"orthographic":false}