{"cameraMode":{"drawMode":0,"name":"Shaded","section":"Shading Mode"},"sceneLighting":false,"audioPlay":false,"sceneViewState":{"showFog":true,"showMaterialUpdate":false,"showSkybox":true,"showFlares":true,"showImageEffects":true,"showParticleSystems":true},"in2DMode":false,"pivot":{"x":545.3353271484375,"y":604.7671508789063,"z":-248.85626220703126},"rotation":{"x":-0.034467268735170367,"y":-0.13837315142154694,"z":0.004818430636078119,"w":-0.9897685647010803},"size":1392.7213134765625,"orthographic":false}